날짜,제목,조회수,좋아요_수,공유수,댓글수,팔로워_수
2022-03-04,欧洲风格的购物美食街， 始兴市高级折扣店京畿道始兴市有高级折扣店是疲劳的都市人可以得到休息的复合购物中心。符合可以同时享受购物和地区旅游的一日购物旅行趋势始兴市高级折扣店也吸引了很多游客。...展开全文c,1964,1,1,0,530774
2022-03-02,"京畿道东豆川市，在逍遥山相遇的历史中的雪花旅行京畿道东豆川市是 在地缘政治上具有重要意义的地方。离首都首尔的市中心的光华门有40km远，因为从地图上看，它是目前分裂的韩半岛的中心。东豆川市迎来适合旅行的季节春天，有着很多历史和故事的场所。历史上具有重要价值的名胜之一""逍遥山""。...展开全文c",5174,1,0,0,0
2022-02-28,京畿道杨州Hot Place，在露营餐厅享受吧！从古至今以美丽风景和新鲜空气而有名的城市，京畿道扬州。扬州市是很多人兜风时喜欢来的地方。来介绍一下在网上很有名的露营餐厅。全家人可以在野外尽享美味的烧烤和静静地看着烧炭火休息。...展开全文c,4476,1,0,0,0
2022-02-24,历史遗迹和现代共存的京畿道光明市，我们家族的旅游路线。京畿道光明市是由于首尔地区变大而产生的卫星城市。虽然城市面积小，但是人口密度高。交通方便且接近性好，而且治安也好，是宜居城市之一。是历史遗迹和现代共存的都市，有着多样的看点，是约会和家庭旅行的好去处。...展开全文c,11803,3,0,0,0
2022-02-22,"世界文化遗产之都,京畿道广州市，自然与历史共存的旅行在京畿道里，广州市是面积比较大的城市。空气好，水好等自然环境是广州市的最大的骄傲。以优质的土地和品质好的大米，京畿道的利川市和陶瓷博物馆非常有名。联合国教科文组织也登载的南汉山城、昆池岩度假村、花潭林是代表性的旅游景点。介绍 ​​​​...展开全文c",6674,2,0,0,0
2022-02-18,"京畿道北部文化与教育中心，介绍一下议政府的代表性旅游景区。议政府是位于京畿道北部，首都的关口。并且是政治，经济，社会，文化，交通的中心地，也因有着很多博物馆而有名的城市。以‘幸福特别市’为标题，努力让所有议政府市市民幸福的议政府市。是外国人也喜欢的""部队汤""的故乡，这里有很多 ​​​​...展开全文c",8763,2,0,1,0
2022-02-15,以家人旅行出名的城市，京畿道杨平郡羊群牧场京畿道杨平郡是包括电影和电视剧中无数登场的著名景点“两水里”，全国水最清澈地区。在京畿道内环境保存得最好的地方，被指定为环境农业特区，是农业和环境协调的地区。特别是有很多孩子们体验自然环境的好地方。我们来介绍自然美丽的杨平郡旅行线路 ​​​​...展开全文c,12388,2,1,0,0
2022-02-10,有谁还没有去过？👀我们的孩子们更喜欢的京畿道利川市必去的旅行路线👨‍👦🌟 雪峰公园代表利川市的雪峰公园...展开全文c,12383,4,0,0,0
2022-02-08,介绍一下京畿道安山市家族旅行路线。大韩民国安山市作为外国人居住众多的城市，有着以首都圈内最好的休养地闻名的大阜岛。意为大山丘的大阜岛是西海最大的岛屿，向到访者展示着多种魅力。...展开全文c,13849,3,0,1,0
2022-02-06,保存着历史的自豪的城市富川，大韩民国历史旅行路线京畿道富川市是具有独特个性的城市。从很早的先史时代开始，这里作为可以安居乐业的城市，是一座充满了悠久历史与美丽的艺术之魂，以人为本的文化艺术城市。另外这里足以被称为博物馆的城市，有着非常多的博物。...展开全文c,15350,4,0,0,0
2022-02-04,这里是被得天独厚的自然环境包围的美丽的城市，京畿道果川市。作为随处都可以感受到文化艺术的幸福的尖端城市充满了多样的魅力。果川市通过与市民的沟通，设定了三大目标并一直在成长中。...展开全文c,14935,3,0,0,0
2022-02-01,虎年大吉大吉大利新年蒙福#京畿道##朝鲜半岛##京畿道旅游##虎年大吉##大吉大利##新年蒙福# ​​​​,15249,5,0,1,0
2022-01-27,介绍一下京畿道观光名地，幸州山城与历史公园。在大韩民国京畿道有一些历史悠久的山城。其中，介绍一下位于高阳市德阳山的幸州山城。幸州山城是在壬辰倭乱时期因战胜的幸州大捷而广为人知的历史场所...展开全文c,19024,1,0,1,0
2022-01-26,拥有很多世界文化遗产的美丽的水原华城2021年在华城举办了‘媒体艺术秀’。通过史无前例的灯光秀与多种造型物提供色彩缤纷又华丽的看点的‘媒体艺术秀’据说今年也会举办，所以今年请一定要访问...展开全文c,17347,3,1,1,0
2022-01-24,主题公园，都去过哪里呢介绍一下位于京畿道的国内最大的汽车主题公园。位于京畿道高阳市的，现代汽车文化中心。...展开全文c,18513,2,0,0,0
2022-01-20,🎹 风乐响起来!! 🎺🎺在京畿道的博物馆都去过哪里？@@(学习历史最好的地方👍👍)👉京畿道博物馆路线指南...展开全文c,18859,3,1,0,0
2022-01-17,京畿道平泽市，2021平泽世界文化周成功落下帷幕🎉连接世界的文化散策城市 🏃在京畿道平泽市举行的为期6个月的‘世界文化周活动’盛大结束了。👏👏(请祝贺一下吧 大声欢呼~~🔥🔥)...展开全文c,17526,5,1,1,0
2022-01-15,MZ世代的元宇宙元宇宙图书馆，京畿道城南教育图书馆在京畿道有了元宇宙元宇宙图书馆。💚💚(大声欢呼~ 🎉🎉)京畿道城南教育图书馆发表说为MZ世代的元宇宙元宇宙图书馆开始运营了。...展开全文c,16397,3,0,0,0
2022-01-13,京畿道为外国人居民定居支援的事业募集📣京畿道，支援外国人居民与高丽人同胞支援事业🔥在大韩民国外国人居住最多的京畿道，地方自治团体中唯一成立了与多文化·外国人相关的专属部门并且运营至今。...展开全文c,15512,5,1,1,0
2022-01-07,🍅京畿道光州市代表农作物番茄的重新诞生！酸酸甜甜的番茄辣椒酱同大韩民国代表酱料辣椒酱一样受到欢迎！🌟去年9月起，在日本、新加坡、菲律宾等国家在线售卖，受到了很大的关注。请来京畿道光州市看看向世界进军的K-番茄吧！👏#京畿道##京畿道光州##番茄##亲环境# ​​​​,15795,4,0,1,0
2022-01-06,美味的冬季京畿道传统市场一到冬天就会想起鲫鱼饼、烤红薯、鱼糕、甜饼等很多零食吧？请来访问具有特色的京畿道传统市场，感受暖暖的人情以及丰富的小吃所带来的快乐吧。❣️📍水原池洞市场地址：京畿道水原市八达区八达门路19博客：O网页链接...展开全文c,15080,5,0,0,0
2022-01-05,京畿道支援的异色创业趋势！充分利用共享厨房的 “G-创食学院”的运营共享厨房是指多个营业者共享的料理场所，用作餐饮店创业的平台。最近以外卖为中心的非面对面服务已成为消费趋势，人气也在逐渐增加。共享厨房很大的优点是无需担心昂贵的租金与设施装修费用，也可节省投资费用。另外，具 ​​​​...展开全文c,13590,3,0,0,0
2022-01-01,🎊 新年快乐! 🎊祝你2022年与京畿道一起度过幸福的一年。💕 ​​​​,11639,11,0,4,0
2021-12-31,已经是12月31日了，2021年的最后一天😌 是时候在美丽的日落中回顾这一年并清除您的思绪，京畿道著名的日落景点之一“华城宫坪港”看着夕阳照过年💖 #华城宫坪港##新年##跨年##2022# ​​​​,11270,3,0,0,0
2021-12-27,可以化解冬天寒冷的温泉！ ♨明年冬天来韩国，一定要去京畿道利川逛逛。一起来探访韩国第一家德式温泉胜地“利川 termeden”吧🤗#温泉##京畿道##利川##termeden# ​​​​,11707,4,0,2,0
2021-12-24,❄️满满的冬季浪漫~圣诞节快到了！ 🎅💝🙋请投票选出您想去的京畿道圣诞冬季景点吧！🎄利川Simmons Terrace灯饰和特大树都能感受到圣诞气氛的地方！作为复合型文化空间，可以体验展览、床上用品陈列室、咖啡厅等各种空间。...展开全文c,12042,9,0,0,0
2021-12-22,💕京畿道的听力障碍人数与一般游客相同，也可以，享受高满意度的旅游服务啦！京畿道政府，正在努力推广“手语旅游解说试点服务”😊👏期望大家，多多关注京畿道政府推广的各项惠民政策哦！#听力障碍##手语旅游##惠民服务##京畿道政府##京畿道##京畿道政策# ​​​​,9951,2,0,2,0
2021-12-20,💏京畿道抱川的香草岛乐园，正在进行“光之童话节”✨📷度过一个温暖的冬天，在闪烁的星光下与心爱的人合影留念吧～💖#京畿道##京畿道抱川##香草岛乐园##京畿道约会线路##京畿道旅游##京畿道冬季# ​​​​,8579,4,0,0,0
2021-12-17,旧加平站重生！ 🤗🎵名为#音乐站1939#的音乐综合体相见旧加平站，照片焕然一新❣#旧加平站##加平站##京畿道##京畿道旅游# ​​​​,21848,4,2,2,0
2021-12-15,冬天不容错过的刺激活动，雪橇😆投票选出你想去的京畿道雪橇场！❄️高阳ONEMOUNT雪地公园：在ONEMOUNT可以享受室内/室外雪橇的地方！除了雪橇、狗拉雪橇、冰壶体验、冰上雪橇等。一起享受与冬天有关的各种体验☃...展开全文c,19155,18,1,0,0
